Postnumber;External  Link;Partner
post-15870;https://www.eat-this.org/vegane-bratensauce/;eat-this
post-15801;https://www.stuttgart-tourist.de/;stuttgart-tourist
post-15801;https://kochhelden.tv/;kochhelden
post-15801;https://www.filderstadt.de/;filderstadt
post-15801;http://www.filder-spitzbueble.de/;filder-spitzbueble
post-15801;https://www.leinfelden-echterdingen.de/;leinfelden-echterdingen
post-15788;https://kochhelden.tv;kochhelden
post-15788;https://www.eat-this.org/veganes-gulasch-mit-jackfruit/;eat-this
post-15730;https://www.stuttgart-tourist.de/;stuttgart-tourist
post-15730;https://kochhelden.tv/;kochhelden
post-15730;https://www.badditzenbach.de/;badditzenbach
post-15730;https://www.manufaktur-roesch.de/;manufaktur-roesch
post-15730;https://www.xn--erlebnisregion-schwbischer-albtrauf-o7c.de/index.php?id=7;xn--erlebnisregion-schwbischer-albtrauf-o7c
post-15730;https://kaiser-brauerei.de/;kaiser-brauerei
post-15730;https://www.reutlingen.de;reutlingen
post-15730;https://www.konditorei-sommer.de/;konditorei-sommer
post-15730;https://www.cookingconcept.de/;cookingconcept
post-15617;https://www.stuttgart-tourist.de/;stuttgart-tourist
post-15617;https://kochhelden.tv;kochhelden
post-15617;https://www.baecker-baier.de/;baecker-baier
post-15617;https://www.herrenberg.de/stadtleben;herrenberg
post-15617;https://www.stadt-remseck.de/willkommen;stadt-remseck
post-15550;https://madewithluve.de/;madewithluve
post-15477;https://madeforfood.de/;madeforfood
post-15477;https://metalrecyclesforever.de/;metalrecyclesforever
post-15477;https://madeforfood.de/teilnahmebedingungen-fuer-die-verlosung/;madeforfood
post-15468;https://kochhelden.tv;kochhelden
post-15430;https://www.milram.de/produkt/aioli/;milram
post-15430;https://www.milram.de/frische-blog/grillen/;milram
post-15362;https://www.stuttgart-tourist.de/;stuttgart-tourist
post-15362;https://kochhelden.tv;kochhelden
post-15362;http://www.bad-liebenzell.de/index.html;bad-liebenzell
post-15362;https://www.liebenzeller-msm.de/index.php;liebenzeller-msm
post-15362;https://badhaus1897.de/;badhaus1897
post-15362;https://www.bad-wildbad.de/sommerberg/sommerberg/;bad-wildbad
post-15277;https://www.healthyseasonalrecipes.com/curry-roasted-cabbage/;healthyseasonalrecipes
post-15277;https://amzn.to/2JFqbfs;amazon
post-15223;https://kochhelden.tv;kochhelden
post-15223;http://jens-glatz.com/showcooking-auf-der-living-kitchen-2019/;jens-glatz
post-15189;https://www.bonduelle.de/;bonduelle
post-15189;https://www.bonduelle.de/produkte-rezepte/gem%C3%BCsekonserven/zartgem%C3%BCse/gem%C3%BCse-klassiker-s%C3%BCsskartoffel;bonduelle
post-15189;https://www.bonduelle.de/produkte-rezepte/gem%C3%BCsekonserven/bio/bio-kidneybohnen;bonduelle
post-15189;https://www.bonduelle.de/produkte-rezepte/gem%C3%BCsekonserven/goldmais-co/goldmais%C2%AE;bonduelle
post-15144;https://www.discovergreece.com/de/greek-islands/cyclades/tinos;discovergreece
post-15144;https://kochhelden.tv;kochhelden
post-15144;https://de.aegeanair.com/;aegeanair
post-15144;https://www.electrahotels.gr/de/athens/electra-metropolis-athens/;electrahotels
post-15144;https://www.alternativeathens.com/;alternativeathens
post-15144;https://culinarybackstreets.com/category/cities-category/athens/;culinarybackstreets
post-15133;http://www.wildeblaubeeren.de/;wildeblaubeeren
post-15121;https://www.amazon.de/Vitamix-TNC-5200-Hochleistungsmixer-klassische/dp/B00I9XRTJ0/ref=as_li_ss_tl?ie=UTF8&qid=1540125748&sr=8-2-spons&keywords=vitamix&psc=1&linkCode=sl1&tag=kuechenchao04-21&linkId=7dd252cc26a890aedb2cab4ead109f5b&language=de_DE;amazon
post-15084;https://www.bonduelle.de/produkte-rezepte/rezepte/salat_von_linsen_und_roter_bete_mit_karamellisiertem_ziegenkaese_und_wildkraeutern;bonduelle
post-15084;https://www.bonduelle.de/produkte-rezepte/rezepte/pasta_mit_kuerbis_jungem_spinat_zitrone_und_parmesan;bonduelle
post-15084;https://www.bonduelle.de/produkte-rezepte/rezepte/2erlei_suesskartoffel_mit_popcorn_und_vanilleeis;bonduelle
post-15104;http://www.kochhelden.tv/;kochhelden
post-15104;https://www.kochhelden.tv/kuerbis-con-carne/;kochhelden
post-15068;https://amzn.to/2yQ8HEr;amazon
post-15044;https://www.amazon.de/Backen-Rezepte-Wow-Effekt-Einsteiger-  K%C3%B6nner/dp/3981800532/ref=sr_1_1?ie=UTF8&qid=1534853755&sr=8-  1&keywords=backen+das+buch;amazon
post-15047;http://www.kochhelden.tv/;kochhelden
post-15019;http://info-roussillonweine.de/;info-roussillonweine
post-14997;https://www.jjpruem.com/;jjpruem
post-14997;https://www.schneiders-moritz-wein.de/;schneiders-moritz-wein
post-14997;https://www.weinbergpfirsich-dreis.de/;weinbergpfirsich-dreis
post-14997;https://blume-kalkreuth.de/;blume-kalkreuth
post-14992;http://www.wildeblaubeeren.de/;wildeblaubeeren
post-14900;https://www.bad-ems.info/;bad-ems
post-14900;https://www.lahnwein.de/;lahnwein
post-14900;https://www.bellevue-boppard.de/;bellevue-boppard
post-14804;https://www.discovergreece.com/de/greek-islands/cyclades/tinos;discovergreece
post-14804;http://www.kochhelden.tv/;kochhelden
post-14804;https://nissos.beer/;nissos
post-14804;http://trippy.gr;trippy
post-14804;https://de.aegeanair.com/;aegeanair
post-14804;http://vegaapartments.gr/en/;vegaapartments
post-14772;https://de-store.acer.com/swift-5-ultraschlank-touch-sf514-52t-blau?utm_content=de&utm_source=blog&utm_medium=link&utm_campaign=swift5;acer
post-14703;http://www.kochhelden.tv/;kochhelden
post-14703;https://shop.wasem.de/;shop
post-14703;https://shop.wasem.de/erlebnisse-und-geschenke/genusspakete/194/flightweinprobe-fuer-zwei-personen;shop
post-14703;http://www.kaiserpfalz-ingelheim.de/;kaiserpfalz-ingelheim
post-14703;http://www.heiliggeist-mainz.de/;heiliggeist-mainz
post-14703;http://www.visavis-osthofen.de/;visavis-osthofen
post-14689;http://www.wildeblaubeeren.de/;wildeblaubeeren
post-14623;https://www.bonduelle.de/;bonduelle
post-14623;https://www.bonduelle.de/produkte-rezepte/frische-salate-gem%C3%BCse/themen-salate/grill-salat;bonduelle
post-14570;http://www.kochhelden.tv/;kochhelden
post-14571;https://www.arlafoods.de/;arlafoods
post-14091;http://bit.ly/SaintAgur_KÃ¼chenchaotin;bit
post-14403;https://www.buerger.de/de/produkt/gemuesemaultaschen-360g/;buerger
post-14403;https://www.buerger.de/de/produkte/maultaschen/;buerger
post-14282;https://www.airbnb.de/rooms/15218350?s=51;airbnb
post-14326;http://amzn.to/2tOM9VC;amazon
post-14326;http://amzn.to/2HX3VsE;amazon
post-14326;http://amzn.to/2FJ3xNR;amazon
post-14283;http://amzn.to/2ImQEdc;amazon
post-14283;http://www.skyscanner.de/;skyscanner
post-14283;https://lp.babbel.com/d/DEU_index.html?bsc=sem-lp-ppf-deuspa&btp=default&l1=DEU&l2=SPA;babbel
post-14283;http://amzn.to/2IibLgt;amazon
post-14283;https://www.airbnb.de/;airbnb
post-14283;https://www.viazul.com/;viazul
post-14283;http://amzn.to/2GkccXn;amazon
post-14283;http://www.kochhelden.tv/;kochhelden
post-14275;https://www.zuckerzimtundliebe.de/2017/03/franzbroetchen-rezept-mit-zimt-kakao-fuellung/;zuckerzimtundliebe
post-14222;http://amzn.to/2t3xVQj;amazon
post-14222;http://amzn.to/2HTmwpo;amazon
post-14222;http://amzn.to/2HRAU1z;amazon
post-14222;http://amzn.to/2GUfqj6;amazon
post-14222;https://www.youtube.com/watch?v=q00lCdN3pmQ;youtube
post-14222;http://www.kochhelden.tv/;kochhelden
post-14179;http://amzn.to/2Gx00kB;amazon
post-14154;http://amzn.to/2HoPOfk;amazon
post-14154;http://amzn.to/2o5cSYI;amazon
post-14121;https://www.chinasichuanfood.com/dumpling-wrappers/;chinasichuanfood
post-14095;http://Instagram.com/kuechenchaotin;Instagram
post-14073;http://amzn.to/2Emz2ir;amazon
post-14063;http://www.wildeblaubeeren.de/;wildeblaubeeren
post-14063;http://www.kochhelden.tv/;kochhelden
post-14057;http://www.kochhelden.tv/;kochhelden
post-14039;http://amzn.to/2DUY20U;amazon
post-14025;http://amzn.to/2DRk3Nc;amazon
post-14025;http://amzn.to/2BuLsz5;amazon
post-14025;http://amzn.to/2DCQg7u;amazon
post-13998;http://www.kodi.de/Pasta-Fusilli-Artigi.html;kodi
post-13998;http://www.kodi.de/Volia-Natives-Olivenoel-fruchtig.html;kodi
post-13998;http://www.kodi.de/Volia-Balsamico-besonders-cremig.html;kodi
post-13980;https://www.facebook.com/foodbloggeradventskalender/?ref=gs&fref=gs&dti=1638507729754715&hc_location=group;facebook
post-13980;https://www.halfbakedharvest.com/white-christmas-mojito/;halfbakedharvest
post-13980;https://www.amazon.de/Mias-s%C3%BC%C3%9Fe-Kleinigkeiten-Rezepte-K%C3%BCchenchaotin/dp/3799505857/ref=as_li_ss_il?_encoding=UTF8&psc=1&refRID=VG0XGDHZ80Z9MP4MVHMA&linkCode=li3&tag=kuechenchao04-21&linkId=7aa4e058476fd4dc47f93bd48d47d095;amazon
post-13980;http://www.muffin-queen.de;muffin-queen
post-13980;http://www.trytrytry.de;trytrytry
post-13980;https://l.facebook.com/l.php?u=http%3A%2F%2Fwww.meine-torteria.blogspot.de%2F&h=ATNF-m3e6fo1HmtZEplbAc5de7rzWt5_1CprcchiTJo6Fp2i9OVWYVfISNAVyEhQ0WlcBT2F2lFdQxy7HzDjzqk2HPabTb_czOgNJ7hAMpLMpsDPF8q4RkPGCOSQ0W0R_8RuaNyPQz4whR_eXqkY403VYiSgtjY7SY3UNxxpx6dGOy3mq5vd4LPfmFxiWWcW0tHrbiIUq6AXhG-JhLcJcJz4N4geKiG8J3lCRLJTJxHm3KZnNELFqNEQLlOt1d4n6BGymIsVMBPzLM7gAbEvuD7UQh9nq8U2uKrr3Cax;facebook
post-13980;https://l.facebook.com/l.php?u=http%3A%2F%2Fwww.antonellasbackblog.de%2F&h=ATN6FacFX4DW3X5vMI8Q-gtVDEjzsTvNJV8PB9Ap5IMf78LpCdUCJ2dM2O19_us_T8N91XqK0hYbd7tQOvE3SPCnQ4IX9he7E5qmu6tsA-bDK_ZRY7UNp80XvxgGYi4C1-QcZUhXp3bU_2XioJePl8txwFrdUFOo_rTfcALUXoKliNZ4SmOQ1zkoHpuV_4JhnhQrD1taStY-OI8FtePA3u3PNndSic4m4sisbiR_AFL-JKGefpW-cDZgPytnWn-IvNu1imMFJ-02Sl7t0DfFeUImyOPRFapRt0O0AY-r;facebook
post-13980;https://l.facebook.com/l.php?u=http%3A%2F%2Fwww.meinekuechenschlacht.de%2F&h=ATO4cEvXMpTpze2Ta6rayWh5kub_mhs1N_PEPjiTtQcGt1kYEFegfzpwGi40goUVIKnRXFPnExCmLIpreqnb6t4MpHAdkU4oP_6DC03cnmXNexgqJc-5ChLaG7vLHYQydat3C2KLrxFR8LuSJyyRsW3WhYdZgLgDuOsVOlOuQZ_T6ehFvOQVhr6lhYVCd4cTMNDeJGW6X9zfReuDPoq_k8ngxsIsD2FMru_dJ2SDMprmWyY9n4Xn1yfsr-KQXBwR9nbCVGZ0uw-910ThaE-4k8AAWR0zxCQMaG4kNP-3;facebook
post-13980;https://l.facebook.com/l.php?u=http%3A%2F%2Fwww.sasibella.blogspot.de%2F&h=ATNrjp4lSJYuR_NztHa6FqHCZgQ4DdA3gDDm7Hpm9Ha97d0FYDv1RNQz4EcW2zPGxF2Rd5w_SqFDQssO6v9d5aOmJUmqBN3pgX0toslIkRhqh-L_qjirqrHQr7B6TR9-LRFgMrKUAX1hDSuKNku6xB7eqhvJYC6MQP5s93b51US5DWjTBLfYWU-VzkTXk2aVw-MLush-swJxNShGrQeBlOM6Nn4EM3CGD8iXgziytPiZdxooCsvaw3psRFbk0ggq6bAla1uQGdwoyzfkRclXIT5hXouRSsCkn0jjSHFz;facebook
post-13980;https://l.facebook.com/l.php?u=http%3A%2F%2Fwww.muffin-queen.de%2F&h=ATP_koS_IcjPGfcgWkBCprHPyviR33SA0WXPlm-Fs-eYp3bfkeGsVX4lokKsEzAYDAtGUgkd-vPgVh5vcac8uVMxy70BeOXZhFG7ab9nZe3jzEQmlO4mlDeFTNvpPV25ZxLMBdFuydTr1LvrBaPBE8SYWemAFqSY5gi0eEZySit4yweI8iHBd7nbQf3X89pAlWh-Uu7fuCRIBrxRSOfbwOjiqSbbNIEyYrszdq_muAhsbedTTzET4wB0xiGi8ztO1QLudorc0BNOMpgu19vDlsTOy--U0qEiphU8GgqN;facebook
post-13980;https://l.facebook.com/l.php?u=http%3A%2F%2Fwww.kuechenchaotin.de%2F&h=ATPKKywRUeATk9p_ICYCJCIM0E_3VznFPS5SD03Tul5RqXe9UG4rh3fiTz5v0gq7Ce1oxQQ7ooBVnlUilx3KuLg9o5MwKD70Uwy91Lz1jjl7y8nd8dHmrfLUyNJCOGSmdQEg7yoKNs1Gs3X6jeKkzuFdjXw1CUYwGCup1Ov5MMkRYMAHwEfz6c87vZZ-tAxqoeX5PSAMcegQL1tTm61QValDCgEtz4pZwQmOT2CWOM8AusB1e6mwlazybU07SEO9G2dKP7DKptItP_Wpe7apOcr-Fe5boFq0CHinCOLU;facebook
post-13980;https://l.facebook.com/l.php?u=http%3A%2F%2Fwww.trytrytry.de%2F&h=ATPQM2ry-lek9aA8AWI555IDmCLA7lVMaVD0UipHVnEm4ls7BAdSTmipAPIb_7rSu4vwDLaOuM64wgeOrsyT88c1gKxze0NNC-1D-rPPWo8xkTE0dOgu9T2lql4XCOnbxtsB3rOhjBGOztVYgtNpKenaecG6aN0Oc2vp_F5KRU2f01qeuFkZufBm79dpSya28TjBwQ_djVprRiqZ8okeKzNqCMR1M4tSfLT5hX_8NK8sad-StLhIWp0H4pdSzK_E9Fb27DNS3dxd2awDc-hjCh7ijFnM3M-Chti75Ozf;facebook
post-13980;https://l.facebook.com/l.php?u=http%3A%2F%2Fwww.baketotheroots.de%2F&h=ATMQohtAsut_L1NNM1x_9WEU0_v4qG41B5yBlzfRgvMUAXRzPh5mFWbsd-pZGOmbJizIXPiZzgndIUo0BuQdykeGAvXOGeiHx2WGMF1VsHMGltBYtrfTUICcygELfXsZIrjk_wJ05BCJIk8onQ7Nke80lu0uQmnwkBV2-KESnCgRqQu20N0GUwZoEr3E4_66Zdlw64kkJVhbQLfMhS3BbzfwbiUd2Ck_EW8QL7-Ro-qdFWlTSO6dUaGabPe9uxc6tusd0L73lyiH7tKDgdmSLaOao2DC0IZl0EphXLKL;facebook
post-13980;https://l.facebook.com/l.php?u=http%3A%2F%2Fwww.feines-handwerk.blogspot.de%2F&h=ATMSoELJZ3hkyGHzHneVNmHjQGTGkEMv6YWvcOkkr5xboyEkGwW0dJVxxibCgXs7vqNQY7XddU-n_cUL1cmcOLsW0IjSe91Om4ogLZ1rJz95cBYxSMWE36bcXIFUQ9XPBp7-jhH6WkH7wvR2McPHs3LidxToyMEnG9NdhWPiukrUIkgQ11TouLgf3Gk0KIw4UmDMLhqDiq0NA_P3QfyJ4-2Mm7eFqV1N-XvRrfSDBPXyE_doAQrS4d0UH-gQOBeaWKSLvQxWPw7Fs2p0RPL2rnPdLZH4bQ_lAPtRlIls;facebook
post-13980;http://www.freiknuspern.de/;freiknuspern
post-13980;http://www.brutzelmania.com/;brutzelmania
post-13980;https://l.facebook.com/l.php?u=http%3A%2F%2Fwww.inaisst.blogspot.de%2F&h=ATPJV4S4abU6xgmToJiPsRSrFpHbbcFTLhoIqa102XG8QciHCYjvSND_TGxceFgWoRhc6P-TXT5He2oiZHv_OPTb5HTNCSI3JQxuE-xFueHPYjtmYVLmzRiLU3XVujFOgBJ5DXQIMInpfM9kX5W5GZffx_-d0iOJtH10jxGDv25QQWRZmFqVpqcXWa1mxRew3VJ3h23G-dzKrwcMjlbmqQPHpgUxorJ2bXFPQuNZwkhNm39leLMq7GJrII30S8JSTY6VZmKtbRquISW2x75umzU3gAJFgj6al7UkseqN;facebook
post-13980;https://l.facebook.com/l.php?u=http%3A%2F%2Fwww.ladyapplepie.com%2F&h=ATP-GORi_r9TN1PRXGXJhMv83s8q3UjxQz45zWZFFRC_Ao9QkRy62HGB4zmc_DvihgWtL07rg0yCOj_PxwREK9MPneD3m56OdaFjwyLQWcRYSapzWjD65CvWHpLyTgkcy9FJyVpAcdJ0TZoe9jmyhwgbM-meMlg7rzNL5g_aKh0OCRxwwIWvf8Jum2jQpnfPEZerzlv1T8ht2Bbtncc_RATyqL0pvpty9EDc0G_O8SK4PeCE2xdnqL2_rcVIdKaqSWhdq33nE9eDUgcm32-HynTt3RElHVsk9_TCJT5m;facebook
post-13980;http://www.photolixieous.com/;photolixieous
post-13980;https://l.facebook.com/l.php?u=http%3A%2F%2Fwww.nom-noms.de%2F&h=ATMFcZW-HX8ZJUyUbUxuz1r_eXZ0rfRVxv8BnW9x8Tf1rK6F0VcD0IXgY1AkMtOYH8YbAYSknmojL-I2bKarB44N-YhQ8GujaBJovRJWmXLHcjDk80dR62IuQld7dWnQWZtJl0K38oCjcW4xWzLV1R-ZvrZ0VorVIHyT4lQZJkuEAX1TP_PPecvmxfgvfMgB43mKK8X-U-QKmOhiZTycZKrtX5iJtGU63CpfNAY_YXCDjJ2BaSfQDn2c6a20hyvp8vR32CSuVSPa89j8wT2gpIjlxnYVqBQT4kmQeg_J;facebook
post-13980;https://l.facebook.com/l.php?u=http%3A%2F%2Fwww.kuchenbaecker.com%2F&h=ATOty4b-dhqtwjKgJsbz64PWxD9mDf6eWpm8DdL-BeeQvI_vh_dZDxTns5FK9KOG6AxtzMXhbYmADu5Z27AxKhgvgl-HnQGFiu50HxLsUYKdxaHbkEPUOCfp63iypiouKEqF63sHSenYxzCEeNvooakDXe83bAup1lGIEX0J9ndCI0W-tbkUS7xirW48nRxCKOpgTHIBkUc_VJPpHurULl2Z8X3Mgag5nCqB_lCptSUUrKRr1pD4DkdAcDQ0TBFnxU4s1_58WpXuQUHKsiFTj5p3XuoTVJidK1nCKIec;facebook
post-13980;https://l.facebook.com/l.php?u=http%3A%2F%2Fwww.leckerundco.de%2F&h=ATP4nAUwh1Gpaw3u3Ppv9BoL1GtztwUgQKCiKtMor3JrN5WGs3YuqhDjZTho60K9AWixE3E560w7Hi-4LPOZIJWmjmm48Z70nQZcvWv1LAxHKkUQ8Wuhwz9VCyxvhHm8NeNzGvHvV3DBP3cMMwXP1dWLTdK30l3yFvszSDKc5hlnW6xLNZoVGg38wEfkY6Q5-OJ5gKPU_OY3Ok5bxBItv5KgbvG3ScAteIZC3SrHhvIhsd1wVXYxKJAXn65FprpzlUSk8DQUrV3ORTTI9_Nf8jUzV7iWJzCX18cEivtf;facebook
post-13980;https://l.facebook.com/l.php?u=http%3A%2F%2Fwww.danielas-foodblog.de%2F&h=ATOkGVeEhqUDXQk3GCeSYu80hmKVJHO-MpXch3Y728Ocd7-9-KTI5KXgC-qsF2lkF7wzn8HeP1YCQOOc6oCye0BbmWwslCn14rCjZV-I7gbS_0VLYY3c6q0IgF82PE0LhPDUWRjLiqxk--q7aFvlb7O5v_w-y_I3PRX1rVy62cUEVxhLEhmtDLqT5aoefBDlubyz-7ZreNy8I3-34v_lxwHAETPxomXl7Abqg9tSDLWG6NkEGbJuzPXl_MZzvlwtMcT03qRZ1lqFx5tSxtCAsUjXL8dN9f-Qrf5N2lnE;facebook
post-13980;http://www.feiertaeglich.de/;feiertaeglich
post-13980;http://www.haseimglueck.de/;haseimglueck
post-13980;http://www.dasfreuleinbackt.de/;dasfreuleinbackt
post-13980;http://www.moeyskitchen.com/;moeyskitchen
post-13980;http://www.gernekochen.de/;gernekochen
post-13980;http://www.diejungskochenundbacken.de/;diejungskochenundbacken
post-13966;http://www.kochhelden.tv/;kochhelden
post-13966;http://amzn.to/2neg3PP;amazon
post-13785;http://adobelive.com;adobelive
post-13775;https://www.t5content.de/index.php?s=info_blogger&nav=3&werber=9678&wm=18;t5content
post-13636;https://www.youtube.com/user/NelaLeeOfficial;youtube
post-13448;https://www.pinterest.de/volkswagen/food-bloggers-for-volkswagen/;pinterest
post-13489;http://www.vinoc.de/art/15835;vinoc
post-13489;http://www.foodlovin.de/;foodlovin
post-13427;https://www.robinson.com/de/de/cluburlaub/spanien/cala-serena/club-details/;robinson
post-13458;https://www.edeka.de/de/produkte/edeka-selection-pasta-di-gragnano-fusilloni-500g;edeka
post-13458;https://www.edeka.de/de/produkte/edeka-selection-pasta-di-gragnano-conchiglioni-500g;edeka
post-13458;https://www.edeka.de/de/produkte/edeka-selection-pasta-di-gragnano-calamarata-500g;edeka
post-13458;https://www.edeka.de/de/produkte/edeka-selection-pasta-di-gragnano-spaghetti-chitarra-500g;edeka
post-13418;https://www.pinterest.de/volkswagen/food-bloggers-for-volkswagen/;pinterest
post-13384;http://vegetarian-diaries.de/;vegetarian-diaries
post-13384;http://www.wirtschaftswerkstatt.de/;wirtschaftswerkstatt
post-13384;https://www.instagram.com/bavarian_vegan/;instagram
post-13384;http://ofengefluester.de/;ofengefluester
post-13384;https://www.instagram.com/yolcsita_eats/;instagram
post-13384;https://www.instagram.com/meowrufff/;instagram
post-13364;http://www.kochhelden.tv/;kochhelden
post-13364;https://de.pinterest.com/miamiau/;pinterest
post-13364;http://kreativfieber.de/kinderriegel-cheesecake/;kreativfieber
post-13285;https://www.amazon.de/Selbstgemacht-Einwecken-Backen-Einlegen-Einkochen/dp/3981800516/ref=as_li_ss_tl?ie=UTF8&qid=1493478771&sr=8-1&keywords=selbstgemacht+edeka&linkCode=ll1&tag=kuechenchao04-21&linkId=5b985b27ef06164e1b947dabb87ac4f4;amazon
post-13263;https://www.amazon.de/Selbstgemacht-Einwecken-Backen-Einlegen-Einkochen/dp/3981800516/ref=as_li_ss_tl?ie=UTF8&qid=1493478771&sr=8-1&keywords=selbstgemacht+edeka&linkCode=ll1&tag=kuechenchao04-21&linkId=5b985b27ef06164e1b947dabb87ac4f4;amazon
post-13228;https://www.amazon.de/Gastroback-42419-Waffeleisen-metallic/dp/B002ACON2M/ref=as_li_ss_tl?ie=UTF8&qid=1493047535&sr=8-8&keywords=kitchenaid+waffeleisen&linkCode=ll1&tag=kuechenchao04-21&linkId=1aa44d7f34d9b9b152889f8d11761f14;amazon
post-13202;https://de.pinterest.com/miamiau/pins/;pinterest
post-13182;https://www.t5content.de/index.php?s=info_blogger&nav=3&werber=9678&wm=18;t5content
post-13145;https://de.pinterest.com/volkswagen/food-bloggers-for-volkswagen/;pinterest
post-13126;http://www.kochhelden.tv/;kochhelden
post-13117;http://amzn.to/2n0I0tK;amazon
post-13117;http://amzn.to/2n0HcFe;amazon
post-13117;http://amzn.to/2op2zAu;amazon
post-13117;http://amzn.to/2oworqr;amazon
post-13117;http://amzn.to/2nKKutu;amazon
post-13117;http://amzn.to/2nKAYX0;amazon
post-13117;https://www.instagram.com/ines.dogan_fotografie/;instagram
post-13081;https://de.pinterest.com/miamiau/;pinterest
post-13053;https://de.wikipedia.org/w/index.php?title=Tempeh&oldid=151741937;wikipedia
post-13053;http://minimalistbaker.com/marinated-peanut-tempeh-7-ingredients/;minimalistbaker
post-13047;https://de.pinterest.com/miamiau/;pinterest
post-12963;http://amzn.to/2mU3kAt;amazon
post-12963;http://amzn.to/2mcxuu4;amazon
post-12932;https://de.pinterest.com/volkswagen/food-bloggers-for-volkswagen/;pinterest
post-12875;https://de.pinterest.com/volkswagen/food-bloggers-for-volkswagen/;pinterest
post-12740;http://instagram.com/kuechenchaotin;instagram
post-12695;http://www.kochhelden.tv/;kochhelden
post-12695;http://www.backbube.com/;backbube
post-12695;http://www.pluk-amsterdam.com/en/;pluk-amsterdam
post-12735;http://www.kochhelden.tv/;kochhelden
post-12721;http://www.kochhelden.tv/;kochhelden
post-12721;http://files.messe.de/www.heckmanngmbh.de/10953.pdf;messe
post-12672;https://www.amazon.de/Selbstgemacht-Einwecken-Backen-Einlegen-Einkochen/dp/3981800516/ref=as_li_ss_tl?ie=UTF8&linkCode=ll1&tag=kuechenchao04-21&linkId=5cbd477f2116699f02d972a753bfc455;amazon
post-12672;https://www.edeka.de/selbstgemacht;edeka
post-12664;https://www.amazon.de/Vitamix-TNC5200-Nutrition-Entsafter-Schwarz/dp/B00VTV2G3S/ref=as_li_ss_tl?s=kitchen&ie=UTF8&qid=1473698999&sr=1-1&keywords=vitamix&linkCode=ll1&tag=kuechenchao04-21&linkId=e563b8f64e80315e8d36fe82735cd6a3;amazon
post-12644;http://www.kochhelden.tv/;kochhelden
post-12570;http://www.kochhelden.tv/;kochhelden
post-12570;http://www.magiclife.com/de/de/cluburlaub/griechenland/plimmiri/sommer/club-details;magiclife
post-12570;http://www.magiclife.com/de/de/aktivitaeten/unsere-aktivitaeten/essen-trinken;magiclife
post-12570;http://www.arhontikolindos.com/;arhontikolindos
post-12555;http://www.kochhelden.tv/;kochhelden
post-12526;https://www.amazon.de/Jalapeno-gemahlen-Chipotle-Chilipulver-rauchiges/dp/B01CBC5H5C/ref=as_li_ss_tl?ie=UTF8&qid=1468394421&sr=8-1&keywords=chipotle+pulver&linkCode=ll1&tag=kuechenchao04-21&linkId=ffb2870a54e5263335aaa0da385d258a;amazon
post-12486;http://www.amazon.de/gp/product/B00TYC3IWM/ref=as_li_tl?ie=UTF8&camp=1638&creative=19454&creativeASIN=B00TYC3IWM&linkCode=as2&tag=kuechenchao04-21;amazon
post-12366;http://www.kochhelden.tv/;kochhelden
post-12366;http://www.waldenmaier-naturkost.de/;waldenmaier-naturkost
post-12366;https://www.restaurant-tafelhaus.de/;restaurant-tafelhaus
post-12366;http://www.kochhelden.tv/blumenkohlpueree-spargel-sous-vide-tomahawk-steak/;kochhelden
post-12352;http://highfoodality.com;highfoodality
post-12352;http://www.highfoodality.com/rezepte/grillen-barbecue/brioche-burger-buns/;highfoodality
post-12333;http://www.kochhelden.tv/;kochhelden
post-12333;http://meinlykkelig.blogspot.de/;meinlykkelig
post-12307;http://www.morphyrichards.de/;morphyrichards
post-12307;http://www.amazon.de/gp/product/B00X4FLIVI/ref=as_li_tl?ie=UTF8&camp=1638&creative=19454&creativeASIN=B00X4FLIVI&linkCode=as2&tag=kuechenchao04-21;amazon
post-12298;http://www.amazon.de/gp/product/B017IR8N9W/ref=as_li_tl?ie=UTF8&camp=1638&creative=19454&creativeASIN=B017IR8N9W&linkCode=as2&tag=kuechenchao04-21;amazon
post-12298;http://www.amazon.de/gp/product/B003F0WKDM/ref=as_li_tl?ie=UTF8&camp=1638&creative=19454&creativeASIN=B003F0WKDM&linkCode=as2&tag=kuechenchao04-21;amazon
post-12221;http://www.kochhelden.tv/nyonya-laksa-singapore/;kochhelden
post-12221;http://www.shangri-la.com/singapore/shangrila/dining/restaurants/the-line/;shangri-la
post-12221;http://www.raffles.com/singapore/;raffles
post-12221;http://www.lovinghut.com.sg/;lovinghut
post-12221;http://www.anthonythespicemaker.com/;anthonythespicemaker
post-12221;http://www.1-altitude.com/;1-altitude
post-12221;http://trickytine.com/;trickytine
post-12221;http://geschmeidigekoestlichkeiten.at/;geschmeidigekoestlichkeiten
post-12221;http://www.goats.today/;goats
post-12221;http://foodistas.de/;foodistas
post-12221;http://www.veggi.es/;veggi
post-12221;http://foodviewberlin.com/;foodviewberlin
post-12221;http://www.kochblogradio.de/;kochblogradio
post-12221;http://fraeulein-gluecklich.blogspot.de/;fraeulein-gluecklich
post-12221;http://www.lisbeths.de/;lisbeths
post-12221;http://www.kochhelden.tv/;kochhelden
post-12198;http://eatbloglove.de;eatbloglove
post-12158;http://schmecktwohl.de/;schmecktwohl
post-12158;http://www.amazon.de/gp/product/3863554531/ref=as_li_tl?ie=UTF8&camp=1638&creative=19454&creativeASIN=3863554531&linkCode=as2&tag=kuechenchao04-21;amazon
post-12158;http://www.amazon.de/gp/product/B00LUIL1KE/ref=as_li_tl?ie=UTF8&camp=1638&creative=19454&creativeASIN=B00LUIL1KE&linkCode=as2&tag=kuechenchao04-21;amazon
post-12148;http://www.amazon.de/gp/product/B00KGAYRGW/ref=as_li_tl?ie=UTF8&camp=1638&creative=19454&creativeASIN=B00KGAYRGW&linkCode=as2&tag=kuechenchao04-21;amazon
post-12086;http://www.gourmetguerilla.de/;gourmetguerilla
post-12086;http://www.23qmstil.de/;23qmstil
post-12086;http://www.livelifedeeply-now.de/;livelifedeeply-now
post-12086;http://luziapimpinella.blogspot.de/;luziapimpinella
post-12086;http://www.kochhelden.tv/;kochhelden
post-12086;http://kiltedchef.ca/;kiltedchef
post-12086;https://www.facebook.com/media/set/?set=a.1204205726276157.1073742205.296012500428822&type=3;facebook
post-12069;http://www.amazon.de/gp/product/B00921C2S6/ref=as_li_tl?ie=UTF8&camp=1638&creative=19454&creativeASIN=B00921C2S6&linkCode=as2&tag=kuechenchao04-21;amazon
post-12052;http://www.amazon.de/gp/product/B00VTV2G3S/ref=as_li_tl?ie=UTF8&camp=1638&creative=19454&creativeASIN=B00VTV2G3S&linkCode=as2&tag=kuechenchao04-21;amazon
post-12024;https://de.pinterest.com/search/pins/?rs=ac&len=2&q=whole+roasted+cauliflower&0=whole|autocomplete|0&1=roasted|autocomplete|0&2=cauliflower|autocomplete|0;pinterest
post-12005;http://www.ilovevegan.com/crispy-potatoes-with-garlic-lemon-avocado-aioli/;ilovevegan
post-12005;http://pinterest.com/miamiau;pinterest
post-11914;http://www.amazon.de/gp/product/B000KPULR2/ref=as_li_tl?ie=UTF8&camp=1638&creative=19454&creativeASIN=B000KPULR2&linkCode=as2&tag=kuechenchao04-21;amazon
post-11914;http://www.amazon.de/gp/product/B0009U5OSO/ref=as_li_tl?ie=UTF8&camp=1638&creative=19454&creativeASIN=B0009U5OSO&linkCode=as2&tag=kuechenchao04-21;amazon
post-11954;http://www.amazon.de/gp/product/B003OBY4TK/ref=as_li_qf_sp_asin_il_tl?ie=UTF8&camp=1638&creative=6742&creativeASIN=B003OBY4TK&linkCode=as2&tag=kuechenchao04-21;amazon
post-11928;http://www.kochhelden.tv/roastbeef-sousvide-mit-geroesteten-rosenkohl-an-suesskartoffelpueree/;kochhelden
post-11928;http://www.amazon.de/gp/product/B000CGYN4G/ref=as_li_tl?ie=UTF8&camp=1638&creative=6742&creativeASIN=B000CGYN4G&linkCode=as2&tag=kuechenchao04-21;amazon
post-11845;http://www.kochhelden.tv/;kochhelden
post-11845;http://www.gourmetguerilla.de/;gourmetguerilla
post-11845;http://www.livelifedeeply-now.de/;livelifedeeply-now
post-11845;http://luziapimpinella.blogspot.de/;luziapimpinella
post-11845;http://www.23qmstil.de/;23qmstil
post-11815;http://www.brigitte.de/rezepte/koch-trends/lea-linsters-champignon-cremesuppe-558140/;brigitte
post-11759;http://www.amazon.de/gp/product/B002NW7PI8/ref=as_li_tl?ie=UTF8&camp=1638&creative=19454&creativeASIN=B002NW7PI8&linkCode=as2&tag=kuechenchao04-21;amazon
post-11729;http://nummerfuenfzehn.de/;nummerfuenfzehn
post-11675;http://www.penneimtopf.com/2013/11/rosenkohl-gerostet-aus-dem-ofen-mit.html;penneimtopf
post-11675;http://www.kochhelden.tv/roastbeef-sousvide-mit-geroesteten-rosenkohl-an-suesskartoffelpueree;kochhelden
post-11616;http://www.highfoodality.com/rezepte/fisch-meeresfruchte/ceviche-vom-kabeljau-mit-shiso-sorbet/;highfoodality
post-11616;http://www.culinarypixel.de/rehruecken-pistazien-kruste-bordeaux-chateau-du-calvaire/;culinarypixel
post-11590;https://www.edeka.de/blog/details/flammkuchen-mit-kuerbis-feta-und-salbei.jsp;edeka
post-11590;http://www.edeka.de/blog/kuechenchaotin/flammkuchen;edeka
post-11574;http://minimalistbaker.com/roasted-beet-hummus/#_a5y_p=1220539;minimalistbaker
post-11574;http://www.amazon.de/gp/product/B0038GXYAG/ref=as_li_qf_sp_asin_il_tl?ie=UTF8&camp=1638&creative=6742&creativeASIN=B0038GXYAG&linkCode=as2&tag=kuechenchao04-21;amazon
post-11548;http://www.whatinaloves.com/2015/09/so-schmeckt-sachsisch-mein.html;whatinaloves
post-11548;http://www.highfoodality.com/rezepte/appetizer/leipziger-allerlei/;highfoodality
post-11521;http://www.amazon.de/gp/product/B002NW7PI8/ref=as_li_tl?ie=UTF8&camp=1638&creative=19454&creativeASIN=B002NW7PI8&linkCode=as2&tag=kuechenchao04-21;amazon
post-11424;http://magnoliaelectric.net;magnoliaelectric
post-11424;http://flowersonmyplate.de;flowersonmyplate
post-11424;http://whatinaloves.com;whatinaloves
post-11439;https://www.youtube.com/user/HappyAndFitDance;youtube
post-11439;http://www.shutterstock.com/pic-298055870/stock-photo-chiangmai-thailand-july-brand-new-apple-iphone-with-youtube-app-on-the-screen-lying-on.html?language=de&src=A_tqmvTI_qZV-YZnU4_lhw-1-65;shutterstock
post-11439;http://www.shutterstock.com/gallery-2499775p1.html?cr=00&pl=edit-00;shutterstock
post-11439;http://www.shutterstock.com/editorial?cr=00&pl=edit-00;shutterstock
post-11378;http://www.amazon.de/gp/product/B0026RMEK4/ref=as_li_tl?ie=UTF8&camp=1638&creative=6742&creativeASIN=B0026RMEK4&linkCode=as2&tag=kuechenchao04-21;amazon
post-11324;http://sallysbakingaddiction.com/2015/02/23/honey-roasted-peanut-butter-granola/;sallysbakingaddiction
post-11324;http://www.amazon.de/gp/product/B002NW7PI8/ref=as_li_tl?ie=UTF8&camp=1638&creative=19454&creativeASIN=B002NW7PI8&linkCode=as2&tag=kuechenchao04-21;amazon
post-11324;http://www.amazon.de/gp/product/B002E2K1F6/ref=as_li_tl?ie=UTF8&camp=1638&creative=19454&creativeASIN=B002E2K1F6&linkCode=as2&tag=kuechenchao04-21;amazon
post-11330;http://www.stockseehof.de/;stockseehof
post-11330;http://www.tastesheriff.com/;tastesheriff
post-11330;http://hamburgerliebe.blogspot.de/;hamburgerliebe
post-11330;http://www.stockseehof.de/rezept-sammlung/kirschstreuselkuchen/;stockseehof
post-11279;http://www.chefdehome.com/Recipes/548/cinnamon-sugar-churro-waffles;chefdehome
post-11279;http://www.amazon.de/gp/product/B006TF4EW0/ref=as_li_tl?ie=UTF8&camp=1638&creative=19454&creativeASIN=B006TF4EW0&linkCode=as2&tag=kuechenchao04-21&linkId=ZNU3HPN5ORD3UZ3E;amazon
post-11305;http://www.shutterstock.com/de/pic-150290267/stock-photo-young-woman-using-a-touchscreen-smartphone.html?src=9bp2785z5cXKZ6Snl-dw_A-1-59;shutterstock
post-11290;http://schmecktwohl.de/;schmecktwohl
post-11290;http://schmecktwohl.de/erdnussbuttereis-gastbeitrag-von-der-kuechenchaotin;schmecktwohl
post-11270;http://hurrythefoodup.com/african-peanut-soup/;hurrythefoodup
post-11264;http://www.staub-online.com/de/de/home.html;staub-online
post-11264;http://www.jocooks.com/bakery/breads/crusty-bread/;jocooks
post-11251;https://www.pinterest.com/miamiau/;pinterest
post-11251;http://rockoutwithmywokout.com/blueberry-crumble-coffee-cake/;rockoutwithmywokout
post-11230;http://www.amazon.de/gp/product/B00NC9I05S/ref=as_li_tl?ie=UTF8&camp=1638&creative=19454&creativeASIN=B00NC9I05S&linkCode=as2&tag=kuechenchao04-21&linkId=RRSWQ3ZH5AL7UPKI;amazon
post-11230;http://www.amazon.de/gp/product/B006YC85FK/ref=as_li_tl?ie=UTF8&camp=1638&creative=19454&creativeASIN=B006YC85FK&linkCode=as2&tag=kuechenchao04-21&linkId=ID3DKFQNCG7ROLMW;amazon
post-11230;http://www.amazon.de/gp/product/B0081YEG0W/ref=as_li_tl?ie=UTF8&camp=1638&creative=19454&creativeASIN=B0081YEG0W&linkCode=as2&tag=kuechenchao04-21&linkId=6EI4YMGQYD7Q4PBB;amazon
post-11230;http://www.amazon.de/gp/product/B009PHU6GM/ref=as_li_tl?ie=UTF8&camp=1638&creative=19454&creativeASIN=B009PHU6GM&linkCode=as2&tag=kuechenchao04-21&linkId=L4L7DVJIQIEKF76P;amazon
post-11238;http://www.veganguerilla.de/mett-mett-mett/;veganguerilla
post-11198;http://www.amazon.de/gp/product/3799505857/ref=as_li_tl?ie=UTF8&camp=1638&creative=19454&creativeASIN=3799505857&linkCode=as2&tag=kuechenchao04-21&linkId=BE3DRC2PCVFODE7F;amazon
post-11129;http://www.theyummylife.com/recipes/227;theyummylife
post-11129;http://www.amazon.de/gp/product/B00GHM0KM8/ref=as_li_tl?ie=UTF8&camp=1638&creative=19454&creativeASIN=B00GHM0KM8&linkCode=as2&tag=kuechenchao04-21&linkId=7A2B6V3ZK7BWT47Q;amazon
post-11129;http://www.getcreativejuice.com/2014/10/peanut-butter-oatmeal-energy-bites.html;getcreativejuice
post-11129;http://www.amazon.de/gp/product/B005UX2Q7W/ref=as_li_tl?ie=UTF8&camp=1638&creative=19454&creativeASIN=B005UX2Q7W&linkCode=as2&tag=kuechenchao04-21&linkId=BTPGZKEURBUIXZLH;amazon
post-11129;http://ifoodreal.com/clean-baked-banana-nut-oatmeal-bars/;ifoodreal
post-11129;http://www.amazon.de/gp/product/B003WCUCWO/ref=as_li_tl?ie=UTF8&camp=1638&creative=19454&creativeASIN=B003WCUCWO&linkCode=as2&tag=kuechenchao04-21&linkId=7ADOHXXRWTF2CIQR;amazon
post-11129;http://www.amazon.de/gp/product/B002NW7PI8/ref=as_li_tl?ie=UTF8&camp=1638&creative=19454&creativeASIN=B002NW7PI8&linkCode=as2&tag=kuechenchao04-21&linkId=IPNBD6OCGVAM4EK5;amazon
post-11189;http://www.essen-und-trinken.de/rezept/324683/petersiliencouscous.html?utm_source=nl&utm_medium=email&utm_campaign=eutrdt;essen-und-trinken
post-11171;http://www.ihearteating.com/2015/02/05/60-minute-chocolate-chip-baguettes/#_a5y_p=3307159;ihearteating
post-11171;https://www.youtube.com/watch?v=KVzrU5g1wU8;youtube
post-11149;http://ohsheglows.com/2011/04/04/energizing-protein-power-salad/#ixzz3f3YIR0c1;ohsheglows
post-11152;http://thesimpleveganista.blogspot.de/2012/07/fresh-thai-salad.html;thesimpleveganista
post-11152;http://www.amazon.de/gp/product/B0026RMEK4/ref=as_li_tl?ie=UTF8&camp=1638&creative=19454&creativeASIN=B0026RMEK4&linkCode=as2&tag=kuechenchao04-21&linkId=TQB6LLOFTSCK44UR;amazon
post-11140;https://www.youtube.com/channel/UCh_8CJ9ngABMbrzm9M3gjFA;youtube
post-11140;https://www.youtube.com/redirect?q=http%3A%2F%2Fbit.ly%2Fmirjas-burger&redir_token=vuUM6XHBtO5RPMxQHWtNygrZ6OR8MTQzNjIxNjY0MEAxNDM2MTMwMjQw;youtube
post-11056;http://dreierlei-liebelei.blogspot.de;dreierlei-liebelei
post-11056;http://www.whatinaloves.com/;whatinaloves
post-10997;http://www.brigitte.de/rezepte/rezepte/spargel-kaesecreme;brigitte
post-10966;http://www.amazon.de/gp/product/3766721348/ref=as_li_tl?ie=UTF8&camp=1638&creative=19454&creativeASIN=3766721348&linkCode=as2&tag=kuechenchao04-21&linkId=EPYY3SQNOYZPU4C5;amazon
post-10915;http://www.twopeasandtheirpod.com/avocado-egg-salad/#_a5y_p=1432343;twopeasandtheirpod
post-10905;https://www.pinterest.com/miamiau/;pinterest
post-10843;http://instagram.com/kuechenchaotin;instagram
post-10879;http://www.apronstringsblog.com/one-pot-wonder-thai-peanut-pasta-recipe/;apronstringsblog
post-10879;http://www.amazon.de/gp/product/B00IJYBJP4/ref=as_li_tl?ie=UTF8&camp=1638&creative=19454&creativeASIN=B00IJYBJP4&linkCode=as2&tag=kuechenchao04-21&linkId=C7TK4LCB7CY5VHOF;amazon
post-10856;http://www.highfoodality.com/rezepte/appetizer/sashimi-vom-lachs-mit-pfefferbrot-kuerbis-carpaccio-und-rose-sabayon/;highfoodality
post-10856;http://www.kuechenjunge.com/;kuechenjunge
post-10847;http://www.amazon.de/gp/product/3799505857/ref=as_li_tl?ie=UTF8&camp=1638&creative=19454&creativeASIN=3799505857&linkCode=as2&tag=kuechenchao04-21&linkId=ITSNQOK5VTLG5UBA;amazon
post-10847;https://www.donnahay.com.au/recipes/desserts-and-baking/salted-caramel-swirl-meringues;donnahay
post-10785;http://www.amazon.de/gp/product/B003NHPE62/ref=as_li_tl?ie=UTF8&camp=1638&creative=19454&creativeASIN=B003NHPE62&linkCode=as2&tag=kuechenchao04-21&linkId=T3RT4FEP73A7HRRQ;amazon
post-10785;http://www.amazon.de/gp/product/3799505857/ref=as_li_tl?ie=UTF8&camp=1638&creative=19454&creativeASIN=3799505857&linkCode=as2&tag=kuechenchao04-21&linkId=5O6QNIMUY4A7HFAI;amazon
post-10733;http://www.amazon.de/gp/product/3881179712/ref=as_li_qf_sp_asin_il_tl?ie=UTF8&camp=1638&creative=6742&creativeASIN=3881179712&linkCode=as2&tag=kuechenchao04-21&linkId=OLF2ILNXJZEJ2GKP;amazon
post-10675;http://heatherchristo.com/cooks/2014/01/27/spicy-thai-curry-noodle-soup/;heatherchristo
post-10636;http://www.amazon.de/gp/product/B003NHPE62/ref=as_li_tl?ie=UTF8&camp=1638&creative=19454&creativeASIN=B003NHPE62&linkCode=as2&tag=kuechenchao04-21&linkId=ANEVQ2EBDO2TSGTQ;amazon
post-10611;http://www.amazon.de/gp/product/B00DQ8X8OS/ref=as_li_tl?ie=UTF8&camp=1638&creative=19454&creativeASIN=B00DQ8X8OS&linkCode=as2&tag=kuechenchao04-21&linkId=YMWVDJH22NWUX6ZF;amazon
post-10611;http://www.sister-mag.de/;sister-mag
post-10611;http://issuu.com/sister_magazine/docs/sistermag17-de/1?e=4475563/11576299;issuu
post-10383;http://pinterest.com;pinterest
post-10383;http://pinterest.com/miamiau;pinterest
post-10383;https://www.pinterest.com/miamiau/sweet-breakfast/;pinterest
post-10383;http://www.fifteenspatulas.com/pan-fried-honey-bananas/;fifteenspatulas
post-10568;http://www.amazon.de/gp/product/3799505857/ref=as_li_tl?ie=UTF8&camp=2514&creative=9386&creativeASIN=3799505857&link_code=as3&tag=kuechenchao04-21&linkId=MI6C4S6PTSFQAXJG;amazon
post-10548;http://franzitrifftdieliebe.de/;franzitrifftdieliebe
post-10548;http://gemueseregal.de;gemueseregal
post-10438;http://herzelieb.de;herzelieb
post-10438;http://s-kueche.blogspot.de/;s-kueche
post-10438;https://photolixieous.wordpress.com/;photolixieous
post-10438;http://kuechenlatein.com/;kuechenlatein
post-10438;http://allerbesterkram.de/;allerbesterkram
post-10438;http://fraeuleinpe.de/;fraeuleinpe
post-10438;https://derbruesseler.wordpress.com/;derbruesseler
post-10438;http://franzitrifftdieliebe.de/;franzitrifftdieliebe
post-10438;http://gemueseregal.de;gemueseregal
post-10438;http://foodiegraphy.de/der-erste-foodiegraphy-workshop-rueckblick/;foodiegraphy
post-10438;https://www.facebook.com/foodiegraphy;facebook
post-10438;http://kitchenaid.de;kitchenaid
post-10438;http://www.wesco.de/de/;wesco
post-10438;http://de.kuhnrikon.com/;kuhnrikon
post-10339;https://www.pinterest.com/miamiau/pestostorm-das-blogevent/;pinterest
post-10325;http://pinterest.com/miamiau;pinterest
post-10325;https://www.pinterest.com/search/pins/?rs=ac&len=2&q=roasted+chickpeas&term_meta%5B%5D=roasted|autocomplete|0&term_meta%5B%5D=chickpeas|autocomplete|0;pinterest
post-10244;http://www.averiecooks.com/2013/06/softbatch-cream-cheese-chocolate-chip-cookies.html;averiecooks
post-10220;http://birkel.de/;birkel
post-10220;http://birkel.de/index.php?id=2#produkte;birkel
post-10097;https://www.facebook.com/PenneImTopf/photos/a.499875730059968.1073741830.498320760215465/780128198701385/?type=1;facebook
post-10097;http://www.stern.de/genuss/dishstorm-bei-bertolli-wenn-ein-nudelhersteller-ungefragt-werbelinks-setzt-2169100.html;stern
post-10097;http://www.schoen-und-fein.de/;schoen-und-fein
post-10097;http://birkel.de/;birkel
post-10097;http://stiftung-mittagskinder.de/;stiftung-mittagskinder
post-9714;http://www.pinterest.com/miamiau;pinterest
post-9714;http://sallysbakingaddiction.com/2013/12/24/giant-cinnamon-roll-cake/;sallysbakingaddiction
post-8807;http://foodiegraphy.de;foodiegraphy
post-8466;http://www.amazon.de/gp/product/B00DQ8X8OS/ref=as_li_tl?ie=UTF8&camp=1638&creative=19454&creativeASIN=B00DQ8X8OS&linkCode=as2&tag=kuechenchao04-21&linkId=UD2VPEBVPMRGWLHF;amazon
post-8466;http://www.amazon.de/gp/product/B0053CCPOY/ref=as_li_tl?ie=UTF8&camp=1638&creative=19454&creativeASIN=B0053CCPOY&linkCode=as2&tag=kuechenchao04-21&linkId=IQD3I5X2LOM4WZYY;amazon
post-8440;http://www.theyummylife.com/Natural_Room_Scents;theyummylife
post-8440;https://www.galeria-kaufhof.de/living/freizeit/geschenke/weihnachtsdeko-diy-duftlampe/;galeria-kaufhof
post-8366;http://www.giverecipe.com/pumpkin-lentil-soup.html;giverecipe
post-8219;http://www.amazon.de/gp/product/3799505857/ref=as_li_tl?ie=UTF8&camp=1638&creative=6742&creativeASIN=3799505857&linkCode=as2&tag=kuechenchao04-21&linkId=2CP6KLP6WGTZCBL3;amazon
post-8219;http://www.thorbecke.de/index.php;thorbecke
post-8219;http://franzitrifftdieliebe.de/;franzitrifftdieliebe
post-8090;http://www.amazon.de/gp/product/B0030UBM0E/ref=as_li_tl?ie=UTF8&camp=1638&creative=6742&creativeASIN=B0030UBM0E&linkCode=as2&tag=kuechenchao04-21&linkId=XTAM2EG4K3GWAACI;amazon
post-8047;http://www.chefkoch.de/rezepte/318091113480938/Cinnamon-Brownies.html;chefkoch
post-7772;http://www.amazon.de/gp/product/3835413015/ref=as_li_tl?ie=UTF8&camp=1638&creative=19454&creativeASIN=3835413015&linkCode=as2&tag=kuechenchao04-21&linkId=YSFYEAEL4Q5ZUBGX;amazon
post-7772;http://www.amazon.de/gp/product/3835413015/ref=as_li_tl?ie=UTF8&camp=1638&creative=19454&creativeASIN=3835413015&linkCode=as2&tag=kuechenchao04-21&linkId=4NJRWAJISUY5H42P;amazon
post-7621;http://blogst.de;blogst
post-7621;http://www.gourmetguerilla.de/;gourmetguerilla
post-7621;http://www.texterella.de/;texterella
post-7621;http://berlinmittemom.com/;berlinmittemom
post-7621;https://www.wbs-law.de/anwalt/christian-solmecke/;wbs-law
post-7621;http://www.tastesheriff.com/;tastesheriff
post-7621;http://23qmstil.blogspot.com/;23qmstil
post-7621;http://www.lindner.de/de/parkhotel_hagenbeck_hamburg;lindner
post-7621;http://de.dawanda.com/;dawanda
post-7621;http://www.edelman.de/de/;edelman
post-7621;http://de.pinterest.com/;pinterest
post-7621;http://www.roomido.com/;roomido
post-7621;http://www.ikea.com/de/de/;ikea
post-7621;http://www.design-3000.de/;design-3000
post-7621;http://www.wildeblaubeeren.de/;wildeblaubeeren
post-7621;http://www.persoenlicherkalender.de/DE/;persoenlicherkalender
post-7621;http://www.tiefkuehlkost.de/;tiefkuehlkost
post-7621;http://www.maisonsdumonde.com/DE/de;maisonsdumonde
post-7621;http://www.gottfried-friedrichs.de/;gottfried-friedrichs
post-7621;http://www.immowelt.de/;immowelt
post-7621;http://www.cupper-teas.de/;cupper-teas
post-7621;http://www.alles-fuer-selbermacher.de/;alles-fuer-selbermacher
post-7427;http://www.amazon.de/gp/product/3442392438/ref=as_li_tl?ie=UTF8&camp=1638&creative=6742&creativeASIN=3442392438&linkCode=as2&tag=kuechenchao04-21&linkId=UGYUVCF4ETT2OUZP;amazon
post-7427;http://www.amazon.de/gp/product/B001IOTX3W/ref=as_li_tl?ie=UTF8&camp=1638&creative=6742&creativeASIN=B001IOTX3W&linkCode=as2&tag=kuechenchao04-21&linkId=YHZNHY2R3L3O6CTB;amazon
post-7317;http://www.highfoodality.com/rezepte/appetizer/sashimi-vom-lachs-mit-pfefferbrot-kuerbis-carpaccio-und-rose-sabayon/;highfoodality
post-7317;http://kuechenjunge.com;kuechenjunge
post-7272;http://www.amazon.de/gp/product/B002YCR9RE/ref=as_li_tl?ie=UTF8&camp=1638&creative=6742&creativeASIN=B002YCR9RE&linkCode=as2&tag=kuechenchao04-21&linkId=JCZAMKD2BKW7V4HT;amazon
post-7031;http://www.kuriositaetenladen.com/2013/01/gemusebruhegemusefond.html;kuriositaetenladen
post-6941;https://www.galeria-kaufhof.de/living/wohnen/kuechendeko/;galeria-kaufhof
post-6853;http://www.the-girl-who-ate-everything.com/2011/05/bloomin-onion-bread.html;the-girl-who-ate-everything
post-6733;http://www.dkms.de/de/spender-werden;dkms
post-6733;http://www.madame-love.com/;madame-love
post-6733;http://www.madame-love.com/2flowergirls/;madame-love
post-6733;http://www.dkms.de/de/faq;dkms
post-6719;http://www.notquitenigella.com/2013/10/10/roast-pumpkin-recipe/;notquitenigella
post-6678;http://www.momontimeout.com/2013/02/simply-divine-cinnamon-swirl-bread/;momontimeout
post-6233;http://www.handletheheat.com/brownie-bottom-cookie-dough-cheesecake-bars#_a5y_p=1633199;handletheheat
post-6066;http://www.gourmetguerilla.de/;gourmetguerilla
post-6066;http://www.julieshouse.be/en;julieshouse
post-6066;http://www.restaurantavalon.be/;restaurantavalon
post-6066;https://www.facebook.com/lkkr.be;facebook
post-6066;http://www.lekkergec.be/;lekkergec
post-6066;http://www.naturell-gent.be/;naturell-gent
post-6066;http://www.painperdugent.be/;painperdugent
post-6066;http://www.sri-thai.de/;sri-thai
post-6066;http://www.visitgent.be/de/home;visitgent
post-6033;http://toertchenzeit.de/;toertchenzeit
post-6033;http://www.amazon.de/gp/product/3431038956/ref=as_li_tl?ie=UTF8&camp=1638&creative=6742&creativeASIN=3431038956&linkCode=as2&tag=kuechenchao04-21&linkId=GLIG2PB5HG3R6XAP;amazon
post-6033;http://www.amazon.de/gp/product/B00E4OFA4E/ref=as_li_tl?ie=UTF8&camp=1638&creative=6742&creativeASIN=B00E4OFA4E&linkCode=as2&tag=kuechenchao04-21&linkId=A3TPMFFM4363ZJXZ;amazon
post-5829;https://www.galeria-kaufhof.de/living/geniessen/essen-trinken/frozen-joghurt-selber-machen/;galeria-kaufhof
post-5558;http://dreierlei-liebelei.blogspot.de/;dreierlei-liebelei
post-5531;http://mirjahoechst.de;mirjahoechst
post-5531;http://facebook.com/mirjahoechst;facebook
post-5534;https://www.galeria-kaufhof.de/living/geniessen/essen-trinken/erdbeer-tiramisu/;galeria-kaufhof
post-5481;http://grill-profi-shop.de/;grill-profi-shop
post-5460;http://www.pinterest.com/miamiau/rezeptwettbewerb-zitronenkuchen-zum-kaffee/;pinterest
post-5460;http://immer-wieder-sonntag.blogspot.de/2014/06/erfrischende-pfingsten.html;immer-wieder-sonntag
post-5460;http://www.backbube.com/2014/06/13/zitronen-ingwer-rosmarin-kuchen-hae-schon-wieder-ja-genau/;backbube
post-5449;http://www.diejungskochenundbacken.de/;diejungskochenundbacken
post-5347;http://www.amazon.de/gp/product/B006DZU0XS/ref=as_li_qf_sp_asin_tl?ie=UTF8&camp=1638&creative=6742&creativeASIN=B006DZU0XS&linkCode=as2&tag=kuechenchao04-21;amazon
post-5347;http://www.viveleziegenkaese.de/;viveleziegenkaese
post-5339;http://elbcuisine.de;elbcuisine
post-5339;http://www.elbcuisine.de/tag/dessert/;elbcuisine
post-5339;http://www.elbcuisine.de/tag/kuchen/;elbcuisine
post-5339;http://www.elbcuisine.de/einfach-lecker-torte-erdbeer-sahne-muttertag-becherrezept/;elbcuisine
post-5339;http://www.elbcuisine.de/tag/gesund/;elbcuisine
post-5317;http://toertchentoertchen.de;toertchentoertchen
post-5317;http://lifeisfullofgoodies.com/2014/05/19/mit-zitronenkuchen-einen-jahresvorrat-melitta-kaffee-gewinnen/;lifeisfullofgoodies
post-5306;http://eatbakelove.de;eatbakelove
post-5306;http://eatbakelove.de/blog/?p=3407;eatbakelove
post-5264;http://www.backbube.com/;backbube
post-5264;http://www.amazon.de/gp/product/B0050544ZW/ref=as_li_qf_sp_asin_tl?ie=UTF8&camp=1638&creative=6742&creativeASIN=B0050544ZW&linkCode=as2&tag=kuechenchao04-21;amazon
post-5264;http://www.backbube.com/2014/05/08/the-stars-behind-the-stars-teil-3-mirja-vom-blog-kuechenchaotin-hat-fuer-euch-die-creme-brulee-aus-die-fabelhafte-welt-der-amelie-gemacht/;backbube
post-5243;http://www.tastesheriff.com/;tastesheriff
post-5215;http://www.backbube.com/;backbube
post-5215;http://www.backbube.com/category/ice-tea-monday/;backbube
post-5199;http://www.moeyskitchen.com/;moeyskitchen
post-5199;http://www.coffeeandquinoa.com/2013/06/coconut-rhubarb-cake/;coffeeandquinoa
post-5170;http://imbackwahn.com/;imbackwahn
post-5170;http://imbackwahn.com;imbackwahn
post-5159;http://instagram.com/kuechenchaotin;instagram
post-5159;http://www.weinplaces.de/home.html;weinplaces
post-5159;http://www.weinplaces.de/weinpeople/weinblog/beitrag_/hallo-ich-bin-mia-und-ich-trinke-gern-bier.html;weinplaces
post-5117;http://www.tastesheriff.com/;tastesheriff
post-5117;http://www.essen-und-trinken.de/rezept/8209/blaubeer-gugelhupf.html;essen-und-trinken
post-5117;http://www.pinterest.com/miamiau/;pinterest
post-5117;http://www.amazon.de/gp/product/B0050544ZW/ref=as_li_ss_tl?ie=UTF8&camp=1638&creative=19454&creativeASIN=B0050544ZW&linkCode=as2&tag=kuechenchao04-21;amazon
post-5117;http://www.tastesheriff.com/ich-backs-mir-gugelhupf-in-super-fluffig-mit-moehren-und-zucchini/#more-8517;tastesheriff
post-5053;http://gluten-unvertraeglichkeit-erkennen.de;gluten-unvertraeglichkeit-erkennen
post-5053;http://www.schaer.com/de/glutenfreie-produkte;schaer
post-5053;http://www.schaer.com/;schaer
post-5053;http://www.schaer.com/de/glutenfrei-kochen;schaer
post-5053;http://GlutenfreeRoads.com;GlutenfreeRoads
post-5053;http://herzelieb.de;herzelieb
post-5053;http://www.ich-bin-intolerant.de/;ich-bin-intolerant
post-5053;http://www.kochtrotz.de/;kochtrotz
post-5053;http://www.gourmetguerilla.de/?s=glutenfrei;gourmetguerilla
post-5053;http://www.sinaswelt.de/2013/12/04/glutenfrei-durch-die-weihnachtszeit-teil-1/  ;sinaswelt
post-5053;http://gluten-frei.net;gluten-frei
post-5053;http://www.schaer.com/de;schaer
post-4864;http://Glutenfreeroads.com;Glutenfreeroads
post-4951;http://www.schaer.com/de/glutenfrei-kochen;schaer
post-4860;http://www.gluten-unvertraeglichkeit-erkennen.de/de/;gluten-unvertraeglichkeit-erkennen
post-4860;http://GlutenfreeRoads.com;GlutenfreeRoads
post-4860;http://www.ich-bin-intolerant.de/;ich-bin-intolerant
post-4921;http://www.schaer.com/de/glutenfreie-produkte;schaer
post-4862;http://www.schaer.com/de/glutenfrei-leben;schaer
post-4862;http://www.schaer.com/de/glutenfreie-produkte;schaer
post-4862;http://www.schaer.com/de/glutenfrei-kochen;schaer
post-4862;http://www.schaer.com/de/glutenfreie-produkte/mehl/brot-mix-dunkel;schaer
post-4862;http://www.drschaer.com/de/;drschaer
post-4855;http://www.drschaer.com/de/;drschaer
post-4855;http://www.schaer.com/de/glutenfrei-leben;schaer
post-4855;http://www.schaer.com/de/glutenfreie-produkte;schaer
post-4976;http://www.amazon.de/gp/product/3865286909/ref=as_li_ss_tl?ie=UTF8&camp=1638&creative=19454&creativeASIN=3865286909&linkCode=as2&tag=kuechenchao04-21;amazon
post-4927;http://www.amazon.de/gp/product/3766720708/ref=as_li_qf_sp_asin_tl?ie=UTF8&camp=1638&creative=6742&creativeASIN=3766720708&linkCode=as2&tag=kuechenchao04-21;amazon
post-4927;http://photisserie.blogspot.de/;photisserie
post-4927;http://nutriculinary.com/;nutriculinary
post-4927;http://floorabella.com/;floorabella
post-4927;http://www.parlanskonfektyr.se/;parlanskonfektyr
post-4927;http://prinzessinnengarten.net;prinzessinnengarten
post-4927;http://mobile-kitchen-cart.net;mobile-kitchen-cart
post-4927;http://callwey.de;callwey
post-4887;http://zuckerzimtundliebe.wordpress.com/2012/12/16/weihnachtlicher-marmorkuchen-mit-schneemann/;zuckerzimtundliebe
post-4887;http://www.pinterest.com/miamiau/;pinterest
post-4878;http://www.moeyskitchen.com/;moeyskitchen
post-4878;http://www.moeyskitchen.com/p/rezepte.html;moeyskitchen
post-4878;http://www.moeyskitchen.com/2011/06/gianduja-straciatella-eis.html;moeyskitchen
post-4878;http://www.moeyskitchen.com/2013/09/zucchini-galette.html;moeyskitchen
post-4866;http://www.amazon.de/gp/product/3038003115/ref=as_li_ss_tl?ie=UTF8&camp=1638&creative=19454&creativeASIN=3038003115&linkCode=as2&tag=kuechenchao04-21;amazon
post-4866;http://www.lakeland.de/16486/Edelstahl-Bratpfanne-mit-Keramikbeschichtung-24%C2%A0cm;lakeland
post-4746;http://www.amazon.de/gp/product/3881179100/ref=as_li_qf_sp_asin_tl?ie=UTF8&camp=1638&creative=6742&creativeASIN=3881179100&linkCode=as2&tag=kuechenchao04-21;amazon
post-4746;http://zuckerzimtundliebe.wordpress.com/;zuckerzimtundliebe
post-4733;http://kochhelden.tv;kochhelden
post-4733;http://www.amazon.de/gp/product/B0026RMEK4/ref=as_li_qf_sp_asin_tl?ie=UTF8&camp=1638&creative=6742&creativeASIN=B0026RMEK4&linkCode=as2&tag=kuechenchao04-21;amazon
post-4733;http://kochhelden.tv/zucchini-nudeln-lowcarb-nudelersatz-kuechenchaotin;kochhelden
post-4713;http://www.amazon.de/gp/product/3766720198/ref=as_li_qf_sp_asin_tl?ie=UTF8&camp=1638&creative=6742&creativeASIN=3766720198&linkCode=as2&tag=kuechenchao04-21;amazon
post-4699;http://www.elfenkindberlin.de/2013/12/19/glucksrezepte/;elfenkindberlin
post-4640;http://www.marylicious.de/;marylicious
post-4640;http://www.marylicious.de/2014/01/14/schokokeks-sandwiches-mit-erdnussbuttercreme/;marylicious
post-4629;http://missblueberrymuffin.blogspot.de/;missblueberrymuffin
post-4629;http://missblueberrymuffin.blogspot.de/2014/01/blueberry-pictures-prasentiert-16.html;missblueberrymuffin
post-4606;http://www.edeka.de/mitliebe;edeka
post-4606;http://meinlykkelig.blogspot.de;meinlykkelig
post-4588;https://www.blueboxtree.com/;blueboxtree
post-4567;http://www.pink-pixel.de/;pink-pixel
post-4557;http://www.postausmeinerkueche.de/;postausmeinerkueche
post-4557;http://happyserendipity.com/;happyserendipity
post-4540;http://www.postausmeinerkueche.de/;postausmeinerkueche
post-4540;http://happyserendipity.com/;happyserendipity
post-4508;http://www.postausmeinerkueche.de/;postausmeinerkueche
post-4508;http://happyserendipity.com/;happyserendipity
post-4508;http://www.amazon.de/gp/product/386528759X/ref=as_li_qf_sp_asin_tl?ie=UTF8&camp=1638&creative=6742&creativeASIN=386528759X&linkCode=as2&tag=kuechenchao04-21;amazon
post-4508;http://www.amazon.de/gp/product/B001Q47GZQ/ref=as_li_qf_sp_asin_tl?ie=UTF8&camp=1638&creative=6742&creativeASIN=B001Q47GZQ&linkCode=as2&tag=kuechenchao04-21;amazon
post-4501;http://www.postausmeinerkueche.de/;postausmeinerkueche
post-4501;http://happyserendipity.com/;happyserendipity
post-4501;http://happyserendipity.com/post-aus-meiner-kueche-xmas-edition-2013/;happyserendipity
post-4463;http://statigr.am/viewer.php#/tag/miathepumpkinripper/;statigr
post-4463;http://www.amazon.de/gp/product/3832194428/ref=as_li_qf_sp_asin_tl?ie=UTF8&camp=1638&creative=6742&creativeASIN=3832194428&linkCode=as2&tag=kuechenchao04-21;amazon
post-4431;http://www.pinterest.com/miamiau/lasst-uns-froh-und-lecker-sein-inspiration/;pinterest
post-4431;http://meinlykkelig.blogspot.de/2013/04/von-amerikaner-und-saftigstem-puffer.html;meinlykkelig
post-4431;http://meinlykkelig.blogspot.de;meinlykkelig
post-4372;http://23qmstil.blogspot.de/;23qmstil
post-4372;http://tastesheriff.com/;tastesheriff
post-4372;http://www.sister-mag.de/;sister-mag
post-4372;http://www.berlinfreckles.de/;berlinfreckles
post-4372;http://creativeglasses.blogspot.de/;creativeglasses
post-4372;http://voll-toll.blogspot.de/;voll-toll
post-4372;http://www.waseigenes.com/;waseigenes
post-4372;http://www.jolijou.com/;jolijou
post-4372;http://www.happyinteriorblog.com/;happyinteriorblog
post-4372;http://www.auping.com/;auping
post-4372;http://www.brita.com/;brita
post-4372;http://www.design-3000.de/;design-3000
post-4372;http://www.callwey.de/;callwey
post-4372;http://www.edelman.com/;edelman
post-4372;http://www.motel-one.com/en/;motel-one
post-4372;http://www.nido.de/;nido
post-4372;http://www.raeder-onlineshop.de/;raeder-onlineshop
post-4372;http://blogstars.stylebook.de/;blogstars
post-4372;http://www.urbanara.de/;urbanara
post-4372;http://www.alles-fuer-selbermacher.de/;alles-fuer-selbermacher
post-4372;http://www.connox.com/;connox
post-4372;http://www.oetker.de/;oetker
post-4372;http://www.edeka.de/;edeka
post-4372;http://www.feine-billetterie.de/;feine-billetterie
post-4372;http://www.garn-und-mehr.de/;garn-und-mehr
post-4372;https://www.facebook.com/GladeDeutschland;facebook
post-4372;http://www.hampsteadtea.com/;hampsteadtea
post-4372;http://www.krima-isa.de/;krima-isa
post-4372;http://la-mesa.com/;la-mesa
post-4372;http://www.lavera.de/;lavera
post-4372;http://mia-moscato.de/;mia-moscato
post-4372;http://www.moeve.de/;moeve
post-4372;https://www.pfeffersackundsoehne.de/;pfeffersackundsoehne
post-4372;http://www.rosendahl.com/;rosendahl
post-4372;http://www.stoffe.de/;stoffe
post-4372;http://www.blogfoster.com/;blogfoster
post-4310;http://zuckerzimtundliebe.wordpress.com/2013/08/25/bananen-schokoladenkuchen-der-besonders-fluffigen-art/;zuckerzimtundliebe
post-4296;https://www.facebook.com/MetropolitainCafeFrancais;facebook
post-4296;http://madame-love.com/;madame-love
post-4281;https://www.facebook.com/fuersie/app_200265350013724;facebook
post-4281;http://www.livelifedeeply-now.de/;livelifedeeply-now
post-4281;http://www.chestnutandsage.de/;chestnutandsage
post-4281;http://www.livelifedeeply-now.blogspot.de/;livelifedeeply-now
post-4248;http://hafenmaedchen.blogspot.de/;hafenmaedchen
post-4241;http://www.livelifedeeply-now.de/;livelifedeeply-now
post-4241;http://www.livelifedeeply-now.de/2013/10/busy-girls-breakfast-chia-pudding.html#more;livelifedeeply-now
post-4241;http://www.amazon.de/gp/product/B009FZWGWQ/ref=as_li_qf_sp_asin_tl?ie=UTF8&camp=1638&creative=6742&creativeASIN=B009FZWGWQ&linkCode=as2&tag=kuechenchaoti-21;amazon
post-4241;http://www.amazon.de/gp/product/B009FZWGWQ/ref=as_li_qf_sp_asin_tl?ie=UTF8&camp=1638&creative=6742&creativeASIN=B009FZWGWQ&linkCode=as2&tag=kuechenchao04-21;amazon
post-3943;http://www.katharinakocht.com/zuckerfrei-warum-das-denn/;katharinakocht
post-3943;http://www.katharinakocht.com/cremiger-erdnussbutter-kakao-immerhin-ist-winter-projekt-zuckerfrei-woche-1-2/;katharinakocht
post-3897;http://www.koenic-online.com/produkte/haushaltskleingeraete/kueche/kontaktgrill.html;koenic-online
post-3897;http://www.amazon.de/gp/product/B006E1GZA8/ref=as_li_qf_sp_asin_tl?ie=UTF8&camp=1638&creative=6742&creativeASIN=B006E1GZA8&linkCode=as2&tag=kuechenchao04-21;amazon
post-3873;http://www.nergi.info/de;nergi
post-3853;http://fraeulein-klein.blogspot.de/;fraeulein-klein
post-3853;http://www.callwey-shop.de/weihnachten-mit-fraeulein-klein.html;callwey-shop
post-3853;http://www.callwey.de/;callwey
post-3840;http://statigr.am/viewer.php#/detail/554129250089707396_104829104;statigr
post-3825;http://www.amazon.de/gp/product/3766719815/ref=as_li_qf_sp_asin_tl?ie=UTF8&camp=1638&creative=6742&creativeASIN=3766719815&linkCode=as2&tag=kuechenchao04-21;amazon
post-3781;http://www.amazon.de/gp/product/B00BJL4VFO/ref=as_li_qf_sp_asin_tl?ie=UTF8&camp=1638&creative=6742&creativeASIN=B00BJL4VFO&linkCode=as2&tag=kuechenchao04-21;amazon
post-3769;http://www.zalando.de/zalando-home-online-shop/;zalando
post-3756;http://herzelieb.de;herzelieb
post-3756;http://herzelieb.blogspot.de/2013/09/die-kuchenchaotin-prasentiert.html#more;herzelieb
post-3732;http://meinlykkelig.blogspot.de/;meinlykkelig
post-3732;http://www.backbube.com/2013/09/08/edeka-mit-liebe-blogger-event-in-der-schonsten-stadt-der-welt/;backbube
post-3732;http://mintlametta.blogspot.de/2013/09/mit-liebe-essen-blattern-bloggen.html;mintlametta
post-3732;http://elbmadame.de/edeka-mit-liebe-kundenmagazin/;elbmadame
post-3732;http://www.whatinaloves.com/2013/09/das-mit-liebe-edeka-foodblogger-event.html;whatinaloves
post-3732;http://www.ponyundblond.de;ponyundblond
post-3645;http://www.hotel-kolb-zeil.de/restaurant/rezepte/salat-von-pfifferlingen-und-pfirsichen/;hotel-kolb-zeil
post-3630;http://www.silikomart.com/home_silikomart_de.html;silikomart
post-3630;http://blog.clara-frost.de/franzosische-macarons-selbst-gemacht/;clara-frost
post-3630;http://www.amazon.de/gp/product/B001Q47GZQ/ref=as_li_qf_sp_asin_tl?ie=UTF8&camp=1638&creative=6742&creativeASIN=B001Q47GZQ&linkCode=as2&tag=kuechenchao04-21;amazon
post-3610;http://www.vegetarian-diaries.com/;vegetarian-diaries
post-3588;http://www.chestnutandsage.de/;chestnutandsage
post-3588;http://www.livelifedeeply-now.blogspot.de/;livelifedeeply-now
post-3588;https://www.facebook.com/fuersie/app_200265350013724;facebook
post-3570;http://www.amazon.de/gp/product/3038005843/ref=as_li_tl?ie=UTF8&camp=1638&creative=6742&creativeASIN=3038005843&linkCode=as2&tag=kuechenchao04-21&linkId=XRGZJQAZ2LQHK2UP;amazon
post-3548;http://www.tastesheriff.com;tastesheriff
post-3548;http://www.tastesheriff.com/allgemein/gastpost-jede-menge-liebe-denn-die-kuechenchaotin-ist-zu-gast/;tastesheriff
post-3534;http://ruhlman.com/2010/10/cooking-at-home-with-the-ruhlmanstomato-basil-pasta-using-tomato-water/;ruhlman
post-3447;http://www.mia-moscato.de/;mia-moscato
post-3447;http://www.amazon.de/gp/product/B001Q47GZQ/ref=as_li_qf_sp_asin_tl?ie=UTF8&camp=1638&creative=6742&creativeASIN=B001Q47GZQ&linkCode=as2&tag=kuechenchao04-21;amazon
post-3300;http://www.mia-moscato.de;mia-moscato
post-3300;http://www.freixenet.de/;freixenet
post-3300;http://www.brand-affairs.de;brand-affairs
post-3300;http://www.sturmfreiebu.de/;sturmfreiebu
post-3300;http://Serendipity-blog.de;Serendipity-blog
post-3300;http://hafenmaedchen.blogspot.de/;hafenmaedchen
post-3300;http://deckschonmaldentisch.wordpress.com/;deckschonmaldentisch
post-3300;http://herzelieb.blogspot.de/;herzelieb
post-3300;http://hamburgkocht.blogspot.de/;hamburgkocht
post-3245;http://frausieben.de;frausieben
post-3245;http://madame-love.com/;madame-love
post-3245;http://madame-love.com/tag/2flowergirls/;madame-love
post-3245;http://www.amazon.de/gp/product/386528759X/ref=as_li_qf_sp_asin_tl?ie=UTF8&camp=1638&creative=6742&creativeASIN=386528759X&linkCode=as2&tag=kuechenchao04-21;amazon
post-3245;http://www.amazon.de/gp/product/B001Q47GZQ/ref=as_li_qf_sp_asin_tl?ie=UTF8&camp=1638&creative=6742&creativeASIN=B001Q47GZQ&linkCode=as2&tag=kuechenchao04-21;amazon
post-3245;http://www.katharinakocht.com/;katharinakocht
post-3245;http://tastesheriff.com/;tastesheriff
post-3245;http://www.happyinteriorblog.com;happyinteriorblog
post-3245;http://junifaden.blogspot.de;junifaden
post-3245;http://hafenmaedchen.blogspot.de/;hafenmaedchen
post-3245;http://www.elbcuisine.de/;elbcuisine
post-3245;http://www.formtiere.de/blog;formtiere
post-3245;http://mintlametta.blogspot.de;mintlametta
post-3245;http://www.jagentin.de/?p=11878;jagentin
post-3245;http://draussennurkaennchen.blogspot.de;draussennurkaennchen
post-3245;http://23qmstil.blogspot.de/;23qmstil
post-3245;http://www.cozy-and-cuddly.de/do-it-yourself/baby-announcement-karten-keepcalm-printable/;cozy-and-cuddly
post-2937;http://www.amazon.de/gp/product/B005Q9GKXG/ref=as_li_tl?ie=UTF8&camp=1638&creative=19454&creativeASIN=B005Q9GKXG&linkCode=as2&tag=kuechenchao04-21;amazon
post-3145;http://www.chefkoch.de/rezepte/1214361227114070/Schoko-Scones.html;chefkoch
post-3145;http://blog.zeit.de/zeitmagazin/2013/06/23/sonntagsessen-65/;zeit
post-3124;http://nokitchenforoldmen.blogspot.de/2013/05/zitroniger-mozzarella-auf-zucchini.html#more;nokitchenforoldmen
post-3080;https://www.facebook.com/fuersie/app_200265350013724;facebook
post-3080;http://www.fuersie.de/kochen/rezeptideen/artikel/falafel-grillkaese-burger-und-erdbeer-avocado-salat;fuersie
post-3058;http://www.browneyedbaker.com/2011/02/24/chocolate-peanut-butter-popcorn-poppy-chow/;browneyedbaker
post-2587;http://applewoodhouse.blogspot.de;applewoodhouse
post-2587;http://applewoodhouse.blogspot.de/2013/03/sweet-lemon-bread-oder-pimp-your.html;applewoodhouse
post-2587;http://applewoodhouse.blogspot.de/;applewoodhouse
post-2878;http://pinterest.com/miamiau/;pinterest
post-2878;http://pinterest.com/miamiau/mothers-day/;pinterest
post-2791;http://www.hilligenbohl.de;hilligenbohl
post-2791;http://www.tastesheriff.com;tastesheriff
post-2738;http://flowersonmyplate.de/cremige-basilikum-avocado-pasta-mit-karamellisierten-kirschtomaten/;flowersonmyplate
post-2739;http://blommi.com/peanut-butter-oatmeal-chocolate-chip-cookies-recipe/;blommi
post-2681;http://elbmadame.de/;elbmadame
post-2681;http://elbmadame.de/rucola-schafskaese-pesto-nicht-nur-zu-pasta-ein-genuss/;elbmadame
post-2672;http://pinterest.com/miamiau/;pinterest
post-2663;http://www.postausmeinerkueche.de/;postausmeinerkueche
post-2663;http://www.mirisjahrbuch.com/;mirisjahrbuch
post-2633;http://www.postausmeinerkueche.de/;postausmeinerkueche
post-2633;http://www.mirisjahrbuch.com/;mirisjahrbuch
post-2633;http://www.lecker.de/rezept/2358974/Brioche-aus-der-Muffinform.html;lecker
post-2637;http://www.postausmeinerkueche.de/;postausmeinerkueche
post-2637;http://www.mirisjahrbuch.com/;mirisjahrbuch
post-2637;http://www.kochrezepte.de/kuchen-und-gebaeck-rezepte/yes-toertchen-23717.html;kochrezepte
post-2622;http://www.chefkoch.de/rezepte/332181116027065/Moehrenkuchen-oder-muffins.html;chefkoch
post-2622;http://www.postausmeinerkueche.de/;postausmeinerkueche
post-2622;http://www.mirisjahrbuch.com/;mirisjahrbuch
post-2575;http://www.food-vegetarisch.de;food-vegetarisch
post-2444;http://tastesheriff.com;tastesheriff
post-2444;http://www.happyinteriorblog.com/;happyinteriorblog
post-2444;http://www.azurweiss.de/;azurweiss
post-2444;http://frauheuberg.blogspot.de/;frauheuberg
post-2444;http://23qmstil.blogspot.de/;23qmstil
post-2444;http://www.backbube.com/;backbube
post-2444;http://www.cozy-and-cuddly.de/;cozy-and-cuddly
post-2444;http://www.das-hat-mark-gemacht.de/;das-hat-mark-gemacht
post-2444;http://www.dinnerumacht.de/;dinnerumacht
post-2444;http://happyserendipity.com/;happyserendipity
post-2444;http://jules-kleines-freudenhaus.blogspot.de/;jules-kleines-freudenhaus
post-2444;http://look33-blog.blogspot.de/;look33-blog
post-2444;http://madame-love.com/;madame-love
post-2444;http://mirisjahrbuch.blogspot.de/;mirisjahrbuch
post-2444;http://www.littlestarblog.com/;littlestarblog
post-2444;http://livelifedeeply-now.blogspot.de/;livelifedeeply-now
post-2444;http://rosaundlimone.de/;rosaundlimone
post-2444;http://titatoni.blogspot.de/;titatoni
post-2444;http://www.xn--verrckt-nach-hochzeit-cic.de/;xn--verrckt-nach-hochzeit-cic
post-2444;http://zepideh.blogspot.de/;zepideh
post-2431;http://www.livelifedeeply-now.blogspot.de/;livelifedeeply-now
post-2431;http://www.chestnutandsage.de/;chestnutandsage
post-2421;http://www.myrecipes.com/recipe/baked-eggs-bread-bowls-10000001940815/;myrecipes
post-2402;http://christinascatchycakes.blogspot.de/2013/02/rote-bete-schokoladenkuchen.html;christinascatchycakes
post-2402;http://wiebkesbaeckerei.blogspot.de/2013/02/rote-bete-schoko-muffins.html;wiebkesbaeckerei
post-2369;http://www.kuhnrikon.ch/ch/de/home.html;kuhnrikon
post-2369;http://www.kuhnrikon.ch/ch/de/produkte/hotpan.html;kuhnrikon
post-2210;http://amzn.to/2nF3WdY;amazon
post-2197;http://salzkorn.blogspot.de/2013/01/kaffeekuchen-oder-kaffee-und-kuchen.html;salzkorn
post-2195;http://pinterest.com/pin/102597697733068638/;pinterest
post-1995;http://www.edelman.de;edelman
post-1736;http://www.wunderkessel.de/forum/brotaufstriche-suess/30991-orangengelee-winterzauber.html;wunderkessel
post-1736;http://www.livingathome.de/essen_geniessen/rezepte/detail.html?rezeptid=25202;livingathome
post-1736;http://pinterest.com/postausmeinerku/in-der-weihnachtsschickerei/;pinterest
post-1724;http://www.coffee-shop.de;coffee-shop
post-1724;https://www.facebook.com/SchwartauCoffeeShop?fref=ts;facebook
post-1724;http://meinlykkelig.blogspot.com/;meinlykkelig
post-1724;http://www.culinarypixel.de;culinarypixel
post-1714;http://www.postausmeinerkueche.de;postausmeinerkueche
post-1700;http://www.kochbar.de/rezept/238662/Apfel-Curry-Suppe.html;kochbar
post-1659;http://www.bloglovin.com/blog/3402898/?claim=pfhap7jf6zz;bloglovin
post-1659;http://www.essen-und-trinken.de/rezept/123282/kuerbis-cremesuppe-mit-kokosmilch-und-ingwer.html;essen-und-trinken
post-1647;https://www.facebook.com/kuechenchaotin;facebook
post-1634;http://www.emilybites.com;emilybites
post-1634;http://www.emilybites.com/2012/10/pumpkin-french-toast.html;emilybites
post-1552;http://finfint.de;finfint
post-1405;http://rosa-rot.blogspot.de/2011/09/apfel-lollies.html;rosa-rot
post-1389;http://essen-und-trinken.de;essen-und-trinken
post-1343;http://meinlykkelig.blogspot.de/2012/06/sofa-statt-sommerwiese-rezept-fur.html;meinlykkelig
post-1258;http://gutentag.info/;gutentag
post-1206;http://www.ohhhmhhh.de/;ohhhmhhh
post-1206;http://www.ohhhmhhh.de/22593/mhhhontags-rezept-ganz-schneller-flammkuchen-mit-ziegenkase-honig-und-rockmarin-das-ist-rosmarin-der-auf-heavy-metal-steht-echt-jetzt/;ohhhmhhh
post-1178;http://idealo.de;idealo
post-1091;http://postausmeinerkueche.wordpress.com/;postausmeinerkueche
post-1064;http://www.lecker.de/rezepte/artikel-2535746-rezepte/LECKER-Trattoria-Cucina-alla-Mama.html;lecker
post-1047;http://facebook.de/kuechenchaotin;facebook
post-1047;http://uk.moo.com/de/;moo
post-1047;http://flickr.com;flickr
post-969;http://www.pink-pixel.de/;pink-pixel
post-969;https://twitter.com/#!/kuechenchaotin_;twitter
post-1019;http://www.tastesheriff.com/;tastesheriff
post-1019;http://postausmeinerkueche.wordpress.com/;postausmeinerkueche
post-1019;http://meinlykkelig.blogspot.com/;meinlykkelig
post-1019;http://zuckerzimtundliebe.wordpress.com/;zuckerzimtundliebe
post-990;http://zuckerzimtundliebe.wordpress.com//?s=oreo&search=Los;zuckerzimtundliebe
post-990;http://www.ohhhmhhh.de/;ohhhmhhh
post-943;http://www.gemueseregal.de/;gemueseregal
post-914;http://www.coconutandvanilla.blogspot.com;coconutandvanilla
post-914;http://de.dawanda.com/shop/smalltreasures#shop_products;dawanda
post-855;http://www.dnv-online.net/medien/detail.php?nr=63800&Medien;dnv-online
post-758;http://pink-pixel.de;pink-pixel
post-758;http://lingonsmak.blogspot.de/;lingonsmak
post-727;http://www.walnuts.org/walnuts/index.cfm/all-recipes/curried-chickpea-salad-with-walnuts-and-currants/;walnuts
post-722;http://finfint.de;finfint
post-722;http://www.finfint.de/about;finfint
post-722;http://www.leilasgeneralstore.com;leilasgeneralstore
post-722;http://www.finfint.de/und-sonst-so-diy-shops-blogs-und-mehr/fixe-deko-idee-blumelein-in-espressotassen;finfint
post-722;http://www.finfint.de/suesse-rezepte/particuliere-cupcakes-zur-oscar-nacht;finfint
post-722;http://www.finfint.de/suesse-rezepte/10-minuten-cherry-cheesecake-fur-2;finfint
post-722;http://www.finfint.de/suesse-rezepte/bienenstich-mit-mascarponecreme-und-frischen-beeren;finfint
post-696;http://fraeuleintext.blogspot.de/;fraeuleintext
post-649;http://flowersonmyplate.de/;flowersonmyplate
post-645;http://zuckerzimtundliebe.wordpress.com/;zuckerzimtundliebe
post-645;http://zuckerzimtundliebe.wordpress.com/2012/03/02/frozen-yogurt-das-einfachste-dessert-der-welt/;zuckerzimtundliebe
post-645;http://matundmi.de/;matundmi
post-612;http://photisserie.blogspot.com/;photisserie
post-583;http://klitzeklein.wordpress.com/;klitzeklein
post-583;http://lingonsmak.blogspot.com/;lingonsmak
post-545;http://milchmaedchen-milchmaedchen.blogspot.com/;milchmaedchen-milchmaedchen
post-545;http://milchmaedchen-milchmaedchen.blogspot.com/p/02-milchmadchen.html;milchmaedchen-milchmaedchen
post-526;http://www.ohhhmhhh.de/?p=15488;ohhhmhhh
post-526;http://zuckerzimtundliebe.wordpress.com/;zuckerzimtundliebe
post-526;http://www.joyofbaking.com/WhoopiePies.html;joyofbaking
post-526;http://zuckerzimtundliebe.wordpress.com;zuckerzimtundliebe
post-526;http://fraeuleintext.blogspot.com/;fraeuleintext
post-348;http://zuckerzimtundliebe.wordpress.com/;zuckerzimtundliebe
post-321;http://www.lovelybooks.de/autor/Jonas-Jonasson/Der-Hundertj%C3%A4hrige-der-aus-dem-Fenster-stieg-und-verschwand-588462291-w/;lovelybooks
post-321;http://www.joyofbaking.com/LemonTart.html;joyofbaking
post-275;http://www.foolforfood.de/index.php/vegetarisch/rotes-linsencurry-spiced-lentils-with-cu;foolforfood
post-298;http://klitzeklein.wordpress.com/;klitzeklein
post-230;http://meinlykkelig.blogspot.com;meinlykkelig
